date,time,translated_tweet
2023-01-01,,solved thank you very much excellent service as always
2023-01-02,,thank you very much i await your dm
2023-01-02,,thank you so much
2023-01-02,,something similar happened to me i wanted to renew my token so i could make a transfer before closing the account and wow it was easier to get the money through the window
2023-01-02,,yeeeei through my account i just signed up for my savings account with my 2023 challenge to have 25 thousand pesos at the end of the year it has a super tool to direct debit to my core account and thus save disciplinedly every week come on  flexed biceps mediumlight skin tonemoney bag
2023-01-02,,this is the signal you need to have the minimum money in banamex
2023-01-03,,gracias beaming face with smiling eyes
2023-01-03,,muchas gracias smiling face with smiling eyes
2023-01-03,,i dont know much but i recommend investment one of the best performances i have seen and a 7day delivery also the one is cool but they have a limit of 20k in investment
2023-01-04,,thank you for the shirt you gave me at galeras gdl
2023-01-04,,good dayi have problems with my account
2023-01-05,,gracias
2023-01-05,,my respect to you thank you for the service raising hands light skin tone
2023-01-05,,if i already blocked and unblocked it and was able to make the deposit in oxxo thank you
2023-01-06,,everything is fine thank you thumbs up
2023-01-06,,milagro que me gano algo heart hands light skin tone
2023-01-06,,yes friend hahaha its very cool and you can invest and it gives you good performance new moon face
2023-01-06,,i had never won anything before sparkles hahaha
2023-01-06,,with cashback i was able to pay for my internet service yei 
2023-01-07,,gracias
2023-01-07,,ready thanks
2023-01-07,,yes thanks
2023-01-08,,it arrived to me about a week later
2023-01-09,,hello good morning i have some questions with my account could you get in touch thank you very much
2023-01-10,,thank you so much
2023-01-10,,thank you very much folded hands
2023-01-10,,block the card for 5 minutes or more then unlock it again and add it that is the solution confirm me with a tweet please
2023-01-10,,it is 35000 udis 184000 of all the platforms in which i have invested the best are finsus and cetes for the long term and heybanco is for me the best option for your emergency fund since you have weekly liquidity in finsus i have around 90 of my portfolio
2023-01-11,,excellent thank you for responding folded hands we will be very attentive handshake
2023-01-11,,well i was left without dinner thank you very much thumbs up
2023-01-11,,thank you and also blessings folded hands
2023-01-11,,ok im waiting
2023-01-11,,thank you very much i await the response
2023-01-13,,i earned 99 pesos worth of credit on amazon for what nice subjects beaming face with smiling eyes
2023-01-13,,is better
2023-01-13,,please contain me
2023-01-14,,thank you very much how kind smiling face with smiling eyes
2023-01-14,,heybanco has been a bancomer customer for many years and i came across and the truth is that i am very comfortable with the services the app and the debit and credit cards
2023-01-14,,friends i sent you a dm thank you
2023-01-14,,i request your help thank you
2023-01-15,,thank you i already responded ill stay tuned
2023-01-16,,okay thanks
2023-01-16,,i dont even know what i stung but thank you very muchface with tears of joyred heart
2023-01-16,,2023 season planning of the teams thanks to the trust from day 1 and the sponsorship bomb is coming with we are going for the doubledavilacarloss
2023-01-16,,thats why they are my bank 1 starstarstarstarstar
2023-01-17,,gracias
2023-01-17,,thanks
2023-01-17,,thank you so much
2023-01-17,,thank you very much you helped me enough the charge no longer proceeded they were very good even when i couldnt communicate by phone they were very kind thank you very much for your interest they took care of everything
2023-01-17,,incredible thank you heybancoheybanco
2023-01-17,,they answered yes
2023-01-18,,gracias
2023-01-18,,gracias
2023-01-18,,thank you
2023-01-18,,thank you for being on the lookout im sure you will do your best to ensure that the incentives arrive otherwise i will be asking for your support
2023-01-18,,money bagthe sixth option this option is one of the best its 7day promissory note is the best on the market with a rate of 10 per year only that the investment here is from 5000 it has a goal plan that gives you a monthly return of 4  and your money available at any time
2023-01-18,,guatemala what a great vibe for you david clapping handsclapping hands enjoy it
2023-01-19,,gracias
2023-01-19,,hello can you please support me grimacing face
2023-01-19,,eso se agradece el aviso clapping hands mediumlight skin toneclapping hands mediumlight skin toneclapping hands mediumlight skin toneclapping hands mediumlight skin toneclapping hands mediumlight skin tone
2023-01-19,,thank you it is already reflected solved thank you
2023-01-20,,ready thanks
2023-01-20,,thank you so much
2023-01-20,,los tkm heart suit
2023-01-20,,coesa de cheer up to take account of hey thank you very much for the gift cnei aokii
2023-01-20,,cof cof tambin red heartred heart
2023-01-20,,i highly recommend it to you and they dont charge you for the plastic
2023-01-20,,fortunately in mexico we have  which gives us 10 of what we have in the account ok hand mediumlight skin tone
2023-01-21,,thank you very much for answering me my problem is now solved excellent day
2023-01-23,,gracias 
2023-01-23,,thank you very much the team helped me solve the problem and gave me the reward i won
2023-01-23,,thank you  this month i got a golden ticket
2023-01-23,,bello
2023-01-23,,there is still hope congratulations
2023-01-24,,gracias smiling face with smiling eyessmiling face with smiling eyessmiling face with smiling eyes
2023-01-24,,gracias
2023-01-24,,thank you very much ok handok hand
2023-01-24,,thank you for my golden ticket prize i already redeemed my gift card
2023-01-24,,uncle thanks for my golden ticket i finally got something
2023-01-24,,no wonder what a good dream
2023-01-24,,second prize i hope more come
2023-01-25,,gracias
2023-01-25,,gracias smiling face
2023-01-25,,hello this benefits us users of
2023-01-26,,thanks for the support with the followup
2023-01-26,,thanks dude hey this helps us a lot
2023-01-26,,thank you very much one free month of
2023-01-27,,thank you very much it already solved it for me greetings
2023-01-27,,vale gracias grinning face with big eyes
2023-01-27,,it worked like she fell just for a few seconds it was strange thank you so much
2023-01-27,,hello i wrote to you by dm because i have a couple of doubts with the tdc thank you
2023-01-27,,thank you for being a member of fc barcelona
2023-01-27,,when will they give me a traditional loan i have had a credit card as collateral for more than a year and i have made my payments in a timely manner
2023-01-28,,ok thanks
2023-01-28,,after spending 1 year testing the credit card i can say that it is very good and not to mention the debit account really in terms of security in transactions very top tqm hey
2023-01-28,,amistad use if you use your card 6 times a month for purchases of 100 pesos you become heypro and your investment gives you a 10 annual return which is super super good compared to other banks or investing for 25 years with allianz my cousin explained to me and it sounds good
2023-01-28,,great
2023-01-29,,i won 2 prizes
2023-01-29,,friend explain to me
2023-01-30,,thank you very much for the information
2023-01-30,,thank you
2023-01-30,,winds thank you
2023-01-30,,i would love to show off my golden ticket prize if only it existed
2023-01-31,,can you provide me with the link to invite more people and have my benefit thank you
2023-02-01,,gracias clapping hands mediumlight skin tone
2023-02-01,,thanks ill check it out
2023-02-01,,will there no longer be a financial trip in 2022 persevering face that information was very good
2023-02-01,,thanks for the information and how was soeo eyes
2023-02-01,,good morning how can you help me since they made a deposit to my credit account but i need it to the credit account
2023-02-02,,thank you so much
2023-02-02,,thanks its already solved good afternoon
2023-02-02,,i will do it thank you
2023-02-02,,in december i won a gift card on amazon with the heybanco golden ticket and i bought this the lady gets excited
2023-02-03,,it worked for me thank you very much
2023-02-03,,thanks but its not necessary its a good option so far i have not had serious problems with them it is just adapting to their processes but i still think they are on the right track although sometimes they make me angry
2023-02-04,,hmm it gives you a 10 return it is a good option
2023-02-04,,thank you for my credit increase on my credit card very happy with your services heart suit
2023-02-05,,speaking of axolotls the bank released this card and i loved it ok hand mediumlight skin tonesmiling face with smiling eyes
2023-02-07,,it would be the best tdc if you could make advance payments in the months without interest as in other accounts being an excellent option for many users
2023-02-08,,i almost gave up when i didnt get any help from the sopoe team luckily someone here referred me to on twitter send him a private message and he fixed it for me all thanks to him contact him now
2023-02-08,,thank you for being the best sparkles bank
2023-02-10,,heybanco has weekly promissory notes with 10 annually that is after a week you already obtain returns and you can reinvest that in the next promissory note automatically since you generate compound interest very quickly it is much better than the 11 per year of cetes
2023-02-11,,gracias
2023-02-11,,solved thank you
2023-02-11,,alch do some research on cetes gmb and hey cetes if you need to do research is cool but it is very safe and hey with heybanco is safe and fast money but not much
2023-02-11,,excellent customer service at heybanco 1010
2023-02-11,,for the first time i won something in the golden ticket of my dor i love you so much smiling face with heartsblack heart
2023-02-13,,ok muchas gracias smiling face with smiling eyes
2023-02-13,,thank you because i have a doubt
2023-02-13,,thank you for being part of this great family
2023-02-13,,after today life and my favorite bank said have a gift card so you can have a starbucks and relax for a while
2023-02-14,,100 recommended vdd
2023-02-14,,to see if you are fit and viable for life insurance xd
2023-02-14,,how interesting what i found in the permissions used by the heybanco application it was activated why do they need it
2023-02-15,,unamused face gracias smiling face with smiling eyes
2023-02-15,,hello try the phone or email in the image i havent had any problems with the app
2023-02-15,,hello i need help with changing my cell phone number and with my token
2023-02-16,,i have thought about changing my payroll with them i have it and i am very comfortable its good that they tell me not to get a card there
2023-02-16,,thank you now i saw something regarding international transfers where do i see information
2023-02-16,,well its better the truth
2023-02-16,,everything is ready
2023-02-17,,i just received the tax certificate and last year i earned 2400 just from having my money saved with them 1010
2023-02-17,,never at least the amex the first annuity is free and gives you benefits for purchases the first year and bonuses
2023-02-17,,thanks for the response ill be on the lookout
2023-02-18,,hello good afternoon
2023-02-18,,good day thank you very much i already responded to the dm i was late because i thought they didnt respond at night hehe
2023-02-20,,gracias
2023-02-20,,thank you for making withdrawals at hsbc atms it is the one i am closest to
2023-02-21,,hola
2023-02-23,,greetings to
2023-02-23,,in reality that card is the net one in general the bank is 1010
2023-02-23,,o if i have an account but never asked for the physics i will ask for it thanks for the recommendation smiling face with heartssign of the horns light skin tone
2023-02-23,,how can i invest with you and how do i generate profits for myself
2023-02-24,,its a good thing i lost my card because i needed a new one with this design
2023-02-24,,heybanco tqm heart hands is not only one of the best banks with its tdc product or bank promissory notes inveir plus he knows that im a foreigner and he gives me money on amazon embossed face with my golden ticket
2023-02-24,,hello good day when requesting a card with a new design do i have to use it the metallic one has just arrived however i am very attracted to designs as a collectible and i would not want to order one and lose the metalthinking face
2023-02-25,,thank you so far i love you blue heart
2023-02-26,,thanks bro
2023-02-26,,thanks i already sent it
2023-02-26,,thank you for responding i am waiting for the solution to the problem
2023-02-26,,i made several transfers a while ago and everything was fine
2023-02-26,,sometimes its just a matter of cleaning the chip before passing it this is how i solved the problem
2023-02-26,,i am very happy to share this collaboration that i did with hey banco
2023-02-26,,ah now thank you you mention the obvious without anything of relevance excellent comment
2023-02-26,,we appreciate your understanding haha incredible
2023-02-26,,its right from bbva to bbva without problems already in hey they warned that until approximately 7
2023-02-27,,thanks i already answered them
2023-02-27,,ready thank you
2023-02-27,,perfect thank you smiling face
2023-02-27,,but what tremendous wisdom clapping hands i was stunned by this message i believed that the amount i put as a guarantee was used for children without food or for the homeless and that with that they would later give you a credit card credit card face screaming in fear what a tremendous explanation
2023-02-27,,this card is gorgeous
2023-02-27,,its very nice it makes me consider purchasing the card
2023-02-27,,thank you i already sent you all my card information
2023-02-27,,yes no problem d
2023-02-27,,its not their problem its them who are at fault dalay
2023-02-27,,pf you continue with intermittents and only hey banco bbva without problem
2023-02-27,,the first one had not been the one from chichen itza im waiting for that one but this model is nice too
2023-02-27,,i have bbva and bancoppel both work perfectly
2023-02-27,,i understand i appreciate your comment and as a suggestion i would like to receive an email or text notification that the service will not be available so as not to fall into this situation since the card is very useful to me and i would like to continue with you
2023-02-27,,que bien thumbs up mediumlight skin tone
2023-02-28,,i feel powerful thank you i am very happy honeybeesparklescrown
2023-02-28,,alright
2023-02-28,,i have it and it is wonderful efficient service and a topnotch app highly recommended
2023-02-28,,oh no i already have mine and that design is super cool
2023-03-01,,cheer up almost a year with the heycredit card guaranteed and without problems including abroad
2023-03-02,,thank you as i remember i had already done this the day i went to activate it but i will do it again for both tdd and tdc thank you
2023-03-02,,much success heybanco
2023-03-02,, highly recommended ok hand ps yotepresto and 100ladrillos hechoenjalisco
2023-03-03,,hello thank you very much for your response in dmok hand with what you told me i was able to do the movement i required
2023-03-03,,manifestosparkles i went today and left in love i got in and almost went for a ride beautiful car play me niceheart on firefolded handstwo hearts
2023-03-03,,it was resolved with the app update thanks the dm ok hand mediumlight skin tone also helped me
2023-03-03,,you are my bank and the truth is you are doing very well
2023-03-03,,definitivamentebackhand index pointing up medium skin tone
2023-03-04,,thanks for kidnapping the money in savings man facepalmingbitcoin fixes this literally that saves me face with rolling eyes
2023-03-04,,thank you the transfer was applied the next day
2023-03-06,,thanks i already solved it hahaha i was wrong
2023-03-06,,the issue was clarified thank you
2023-03-07,,bank run
2023-03-07,,i responded to them privately greetings
2023-03-07,,thats good to know
2023-03-08,,thanks for the information folded hands
2023-03-08,,gracias
2023-03-08,,list
2023-03-08,,this is how you welcome your metal card even without additional benefits melting face
2023-03-08,,the app crashed everything has been a good experience with you dont fail me when i need you
2023-03-08,,the truth is that the process of talking to someone is less tedious and i really like the experience
2023-03-09,,thanks i already answered them
2023-03-09,,aid
2023-03-09,,yes thank you i answered them again a couple of hours ago
2023-03-09,,it was faster to dial i had to make a list of facts where i put the data i wanted to change and they already did it i was finally able to install the token the guy who helped me was super good and friendly her name is christian hernndez red heart
2023-03-10,,tell me if you are going bankrupt to get my investment money in 7 days please and thank you very much in advance i love you sparklesheart on fire
2023-03-11,,yeah they are the best despite the veto
2023-03-12,,thank you so much
2023-03-12,,solved thank you very much heart hands mediumlight skin tone
2023-03-12,,now it can
2023-03-13,,gracias
2023-03-13,,gracias 
2023-03-13,,they keep talking to me during working hours just because your dhl staff neglects their work does not mean that i have to neglect mine if they are going to talk to me let it be after 3 pm or 3 pm i appreciate that this time they read my schedule and tell me when i can answer the phone
2023-03-13,,exactly loyalty points that are only exchanged in their store at least in santander if the store had technology and household items better that they exchange it for more cashback
2023-03-13,,truly the best bank there is sparkling heartsparkles los tqm lot cowboy hat face
2023-03-13,,well i could do it now
2023-03-13,,great
2023-03-13,,great
2023-03-13,,well done excellent
2023-03-13,,i earned a month of spotify and im not a grinning face with smiling eyes user they better change my card i like the white one from the business better beaming face with smiling eyes
2023-03-13,,its excellent i have worked with them for several years and everything is perfect
2023-03-14,,super hopefully this can be corrected in the app then it appeared like this a few days ago suddenly thanks cc
2023-03-14,,wow what emotion
2023-03-14,,partying face i never win anything but today i started my day well thumbs up light skin tone
2023-03-14,,exitorainbow flagrainbow flag
2023-03-15,,i already answered them thank you
2023-03-15,,ready
2023-03-15,,thank you i already knew them i used them and today i leave them they are definitely not my thing but i do recommend them thumbs up mexican fintech banks
2023-03-15,,switch to heybanco so far its the best ive tried they give you 2 of everything you spend and its free money if youre like me who always pays on time and never pays interest
2023-03-15,,wwwooowww how wonderful congratulations and of course i will be there to enjoy my golden girl
2023-03-15,,i really thank you since i dont have the debit card and i need it
2023-03-16,,thank you very much for the information see you there on june 3
2023-03-16,,well xd
2023-03-16,,she is an amazing dj
2023-03-16,,thank you very much im waiting regards
2023-03-16,,a 100 third world festival congratulations
2023-03-16,,the beautiful superman two hearts
2023-03-17,,thanks for the follow up
2023-03-17,,mi primera tdc credit cardbeating heart thx
2023-03-17,,thanks for your reply
2023-03-17,,thank you i look forward to your prompt response of thanks
2023-03-17,,im surprised how it allows those things to be organized face vomiting
2023-03-18,,thank you as always super good and fast your paes attention
2023-03-19,,thank you so much 
2023-03-21,,hello i want to tell you that thank you very much for following up on my problem about the token it has now been resolved very good service in the end it was not your problem but rather that of my operator regards
2023-03-22,,gracias
2023-03-22,,hey dont make us from the tikitoki dynamic suffer anymore hahaha loudly crying facesparkling heart
2023-03-23,,what a good day i need help
2023-03-23,,excellent customer service heart hands light skin tone never change red heart
2023-03-23,,beware there with todays dynamics i won a dynamic for a pal noe subscription where he tags me
2023-03-24,,greetings bro thanks for watching the videos
2023-03-24,,gracias
2023-03-24,,thank you namesake im your fan 
2023-03-24,,hello allow me to learn more about your case via private message so i can give you the necessary and quick attention greetings
2023-03-24,,beware there with todays dynamics i won a dynamic for a pal noe subscription where he tags me
2023-03-24,,the easy
2023-03-25,,gracias
2023-03-25,,hello ntp after other attempts they were able to assist me thank you
2023-03-26,,if the annuity is 999 if you raise 100k you are free from the annuity much better than that piece of metal visa standard
2023-03-26,,exactly they are all dual
2023-03-26,,thats why fondeadora metal is world elite 
2023-03-28,,ok thanks
2023-03-28,,thank god lol
2023-03-28,,same as me with amazon
2023-03-28,,this is the oppounity of a lifetime gotta watch this web3 developers mev strategy video and learn how to make some serious cash with crypto
2023-03-28,,that man deserves that you send him in addition to such a pleasant congratulation a special unique and uncensored photo autographed by the goddess of tw
2023-03-28,,may god reward you with many children
2023-03-28,,send it to me ill send it to you ha ha ha cool that solved it for you
2023-03-28,,i send a thunderous kiss and a buttock squeeze to ngel argello saying that in two hours he resolved a matter that had been stalled for 59 days grateful to the one below pleading face
2023-03-29,,i hadnt told you that i know angel but he is very shy if you like i will send him the present
2023-03-29,,thanks i already received the thumbs up code
2023-03-29,,be grateful and if its with the one below the better
2023-03-29,,i am also very grateful to the people who have wanted to make donations for the costumes without a doubt i greatly appreciate and appreciate it if you want to donate something you can do it to the code 058597000024431851 in heybanco in the name of noris vargas g however you can also
2023-03-29,,hahaha very good
2023-03-29,,beware there with todays dynamics i won a dynamic for a pal noe subscription where he tags me
2023-03-29,,friends for the first time in my life i won a dynamic hahahahaha thank you i didnt win the cake but this dynamic sparkles
2023-03-30,,having so many cashback meetings and seeing the benefits makes me want to take out my cashback cards amp
2023-03-30,,i am also very grateful to the people who have wanted to make donations for the costumes i certainly appreciate and appreciate it
2023-03-31,,thanks i guess its like this for easter correct greetings
2023-03-31,,thanks ill be waiting for your response
2023-03-31,,theres a secret to getting them to answer you quickly ill tell you when were drinking and no i hope they pay me they solve it super fast
2023-04-01,,thank you so much
2023-04-01,,thank you very much i already contacted you and they gave me a followup sheet regarding my situation and i am waiting for you to get back to me as soon as possible
2023-04-03,,thanks to tamos readys at palnoe lion
2023-04-03,,well ill try later thank you very much maite nice greetingsmiling face
2023-04-03,,call the number on the card i did it that way and i didnt have any problems in spain 
2023-04-03,,this web3 developers mev strategy is a gamechanger hes making over 5 eth per week and you need to learn how
2023-04-04,,ill tell you what i did i didnt have a history either but i had the one from nubank and so far everything was fine later i went with heybanco and i wasnt really interested in using their card but i saw that they had a promissory note and i was interested i registered for the account i didnt request plastic or anything
2023-04-06,,i already solved it thanks
2023-04-06,,thank you for giving us water so we dont die of dysentery from the dirty water of nauseated face drinkers
2023-04-08,,good afternoon
2023-04-08,,guess where i am what a good experience
2023-04-11,,5 surely we will see and give more news about innovation and services but above all generating more competition in the financial industry which benefits all usersbancadigital numxico heybanco innovacin competenciafinanciera fintech
2023-04-11,,4 the great advantage of is their 5 years of experience in the market gaining ground among young people for their services and for sponsoring music festivals which allows them to grow together with their clients
2023-04-13,,thank you i replied to the dm again
2023-04-13,,thanks hey bank they solved the problem
2023-04-14,,thanks a lot
2023-04-14,,thank you very much for your prompt response
2023-04-14,,thank you for the prompt return it helped me pay
2023-04-15,,thank you very much i will send a dm as soon as possible
2023-04-15,,no more thanks man this 50 discount on my checkup at
2023-04-17,,super thanks
2023-04-18,,correct i will wait for contact from you to fix the situation of my investment hey pro at 10
2023-04-19,,thank you so much
2023-04-19,,excellent thank you very much for your support hey man likewise i want to add that the error has already been solved and additionally during the day i received an sms notifying me that due to an incident 5 was shown and that they were working on it thanks again people hugging
2023-04-19,,thank you so much ill get in touch then
2023-04-19,,they are in the process of resolving according to messages that those from hey bank are sending me greetings
2023-05-12,,gracias
2023-05-12,,i received it thank you
2023-05-12,,greetings erich we put at your disposal our email account in which we will gladly answer your questions write to us asesoriacondusefgobmx remember that condusef supports you
2023-05-12,,the best bank 3
2023-05-12,,one of the most anticipated products of the year on youtube we already have the unboxing activation and short navigation through the app of the metal card i am attaching the link to the video heybancocreditcard
2023-05-13,,its the best ive seen so far
2023-05-15,,excellent thank you very much
2023-05-15,,thank you very much for your reply
2023-05-15,,calling to fight takes away my time kilos neurons that pitero bank practically takes away my life
2023-05-15,,hello excellent afternoon could you help me with something i sent you a dm please thank you very much folded hands
2023-05-15,,i love that heybanco already sends you a notification when the payment is made call me hand mediumlight skin tone
2023-05-15,,do they have some estimated response time
2023-05-15,,knowing the password and username you can easily log in from another device and without receiving any type of notification via sms and email you know this very well
2023-05-15,,that explains everything
2023-05-16,,hello yes this morning i had my username again and my app worked normally
2023-05-16,,justly
2023-05-16,,i have the grinning cat with smiling eyes guarantee but i think im doing well how many months can the normal ones last i have investment payroll and debit account there 
2023-05-16,,its good that i didnt change my payroll to
2023-05-16,,thanks for letting me know
2023-05-16,,good morning i sent you a message i hope you can help me thank you
2023-05-16,,good morning once again im still waiting
2023-05-17,,thanks its already resolved
2023-05-17,,have a great midweekfirethinking facefor those who still have doubts about how the guaranteed winking card works facebackhand index pointing right mediumlight skin tonehttpstcob6iypqxw4f
2023-05-17,,i request support
2023-05-17,,have a great midweekfirethinking facefor those who still have doubts about how the winking face guaranteed card works
2023-05-18,,its over thank you so much
2023-05-18,,tqm red heartred heart
2023-05-19,,ok thanks
2023-05-19,,ha ha ha yessss many days unamused face chale
2023-05-19,,everything resolved thanks team
2023-05-20,,grateful that you helped me with a very quick clarification every day i am happier to have left traditional banking for you raising hands
2023-05-21,,thank you very much heart hands
2023-05-21,,hello good morning
2023-05-22,,gracias 
2023-05-22,,ready sent greetings
2023-05-22,,i like heybanco to lower the burden on the spanish banks that dominate this country
2023-05-23,,me bragging about heybancos 10 annual profit and that klar decides to get 14 very tempting
2023-05-23,,now resolve me i urgently make a purchase
2023-05-23,,i highly recommend that you use and as alternatives to the socalled traditional banks if your banks are charging you any fees of any kind on your debit accounts or worse yet they are not generating anything then you are in the wrong place
2023-05-24,,thank you greetings
2023-05-24,,yes well they told me i had to score and if i stay
2023-05-24,,oh yes it happened so quickly hahaha
2023-05-25,,thank you i already answered them
2023-05-25,,jaja in
2023-05-27,,ok thanks
2023-05-27,,the application now worked again
2023-05-27,,they answer me too but now
2023-05-29,,ready i already sent them to you thank you
2023-05-29,,with hey you always have control of your finances and now also of all your movements thanks to the notifications that
2023-05-29,,i want to work with you help me by telling me how
2023-05-30,,gracias
2023-05-30,,with hey you always have control of your finances and now also of all your movements thanks to the notifications that
2023-05-30,,efficiency
2023-05-31,,thank you very much he never answered me fortunately it has already been resolved
2023-05-31,,hello open your hey account and get a golden ticket every month to winhttpstcoj45mnogz i highly recommend the account in fact several finance youtubers review it very well
2023-05-31,,thank you very much for the golden ticket smiling face
2023-06-01,,thanks for the support greetings
2023-06-01,,this is what i really call mexican customer service so a bank should treat a customer not just put the money in learn
2023-06-01,,good morning it is easier for you to obtain credit with a popular savings bank there is no worse struggle than the one that is not done greetings
2023-06-02,,gracias
2023-06-02,,thanks its on hold
2023-06-02,,i left you a dm requesting your valuable support regards
2023-06-02,,thank you very much one free month of
2023-06-03,,thanks i already sent my question
2023-06-03,,thanks for answering im very glad they solved it quickly i hope this is my case crossed fingers mediumlight skin tone regards
2023-06-03,,thank you lic three years ago if you say that i should not be denied i will do it again very kind for your attention a hug
2023-06-03,,thank you very much if i will do it again a hug from heart hands
2023-06-03,,please  thank you
2023-06-05,,thanks greetings
2023-06-05,,thank you very much for responding i just managed to unlock it
2023-06-05,,i hope so
2023-06-06,,hahahahaha vic i work at hey if you have any questions dont hesitate to send me a messageheart hands light skin tone
2023-06-07,,gracias
2023-06-07,,the ones have good designs
2023-06-08,,hola
2023-06-10,,with hey you always have control of your finances and now also of all your movements thanks to the notifications that
2023-06-12,16:52:11,thanks im looking forward to the information
2023-06-13,20:36:26,i was very happy for many years with santander free until i switched to heybanco and their card seemed cool to me i highly recommend
2023-06-15,22:51:17,hello in my case i called 81 4392 2626 and they resolved it for me there for founa it was something simple and fast suee
2023-06-15,18:35:12,easier than now to take out your credit cards
2023-06-16,19:41:04,perfect ill get to a point hey thanks baby lol
2023-06-16,18:03:36,i have tried 4 different traditional banks and so far the best one using msi has been the check mark button it allows you to see exactly how much you owe in total check mark button gives you the list of all the future payments you will have to make month by month check mark button gives you 2 cashback in cash
2023-06-17,18:00:08,hey full moon face what an excellent response time and friendly staff at your call center heart suit smiling face with hearts
2023-06-18,17:29:39,ready thank you very much
2023-06-19,19:52:35,gracias
2023-06-19,14:43:55,thank you so much
2023-06-19,15:36:18,we are here to serve you
2023-06-19,13:32:11,it is so easy to make all kinds of movements from my cell phone they also have a super rate of return
2023-06-20,18:20:40,thank you so much
2023-06-20,22:22:06,hello i sent you a dm thanks
2023-06-20,21:26:18,thank you so much if i went in to lift a bench
2023-06-20,06:47:43,the one with is more flirtatious and has real benefits fire
2023-06-20,06:10:33,listos flexed biceps mediumlight skin toneheybanco palnoe2021
2023-06-21,21:22:49,thanks fixed
2023-06-21,16:20:21,gracias smiling face with smiling eyessmiling face with open hands
2023-06-21,22:03:28,thank you very much it has already been resolved thanks for the help excellent service ok hand medium skin tone
2023-06-21,03:47:49,thank you very much for the congratulations smiling face with open hands
2023-06-21,16:32:41,i have never had this type of situation with other payment methods and it seems incredible to me how an operation as simple as paying with your card on a website turns into a bad user experience with their service
2023-06-22,16:25:12,wow thanks for the information
2023-06-22,15:16:55,good morning i took out a used car at merkauto and they authorized the credit on monday june 19 but that is the date they do not call me to sign the contract and invoice how can i know when it is ready because a process like this is taking a long time thank you
2023-06-22,20:38:17,so that they are very attentive to what is coming to them thanks to the email companion so that they can see where they want to reach them get ready
2023-06-23,17:14:56,i love heybanco you bastard ha ha
2023-06-24,02:10:01,they finally modified the app to now detect my fingerprint and have a nice section of metrics for your expenses oh and i paid the electricity without problems
2023-06-27,07:20:57,i am with the truthsparkles
2023-06-28,17:42:50,gracias
2023-06-28,04:45:09,thank you i did it and it stayed raising hands light skin tone
2023-06-28,22:48:04,it was resolved by reinstalling the app
2023-06-28,17:28:12,thanks ill send them to you now
2023-06-29,17:45:59,good morning is this real
2023-06-29,03:03:50,ps your application is the best i have seen hsbc and banamex and nel how about heybanco have you tried it
2023-06-30,17:26:15,thank you very much sparkles
2023-06-30,19:02:11,since i opened my account i love heart suits if you can i recommend hey investment there i have my savings and if you are hey pro there are better returns starstruck
2023-07-01,04:07:54,favorable response thank you
2023-07-02,15:01:49,thats why we love sparklespink heart
2023-07-03,20:36:54,one more techreo from came its super good plus now they are giving out some gifts just for investing with them safe and very easy
2023-07-04,19:32:32,we are very pleased that you are part of this great finsus family greetings smiling face with sunglassesblue heart
2023-07-04,16:46:43,hello thank you for being part of this great finsus family smiling face with sunglassesoncoming fist
2023-07-04,16:23:59,it was available a few days ago
2023-07-04,15:27:39,i have always liked finsus a lot  taking advantage i leave you my referral link  use my code castillo79570
2023-07-04,14:11:14,order this is worth the price hahaha
2023-07-04,09:42:38,definitely
2023-07-05,04:08:16,try it its good
2023-07-06,05:06:15,oh it sounds great just what i really like right now is nus goal of making your money grow haha that is investment i want to get more into the topiceyes the biggest fan of neobanks definitely when i finally send alv to banamex ill i will open one of heybanco nerd facepink heart
2023-07-06,02:59:57,easy i go to payments choose the card choose the term 3 months 0 accept token backhand index pointing right error i have paid before without problems i can do other token operations without problems
2023-07-06,02:24:11,smiling face with hearteyes the new design of the tdc of this mamaln kids man raising hand medium skin tone as soon as i return from the usa im going to request my new design very expensive shipping by sky not even obama has it eyesby the way their rewards program is quite acceptable huh light bulbhttpstcof79gxxxqtb
2023-07-06,02:11:00,loudspeaker credit cards tdc without annuity and with cool designs police car lightalthough before using a tdc you must learn to use it papucho loudspeaker personally i use it and it works very well for me they accept it everywhere even in the gabacho eyesczech
2023-07-07,16:18:25,thank you very much justo i called two days ago for clarification i hope its not too late and it turns out well
2023-07-07,01:24:12,thanks i just sent the email
2023-07-08,05:58:28,i was a heypro user for several months and they finally gave me at least some of their points something more than a preferential investment cup
2023-07-09,20:12:00,perfect ill be attentive thank you so much
2023-07-10,17:49:42,great personally if i liked it
2023-07-11,23:55:24,yes it helped me thank you very much heart hands medium skin tone
2023-07-11,20:50:22,that are as easy to use and above all reliable as heybanco which ones
2023-07-11,03:16:37,i already received the ajolo card and i loved it here is the unboxing so you can see more details of this new design
2023-07-11,01:51:29,im going to order mine that card is beautiful thumbs upsmiling face with hearts
2023-07-13,18:28:34,we invite you to become a member of klar so you can start enjoying our benefits grinning facesmiling face
2023-07-13,05:36:30,thank you i already sent an email
2023-07-14,22:08:32,thanks for the repo exactly i already paid dc
2023-07-14,20:26:17,do they really provide customer service through this means
2023-07-14,18:55:12,i highly recommend you tobackhand index pointing rightlegith hacks on instagram he helped me out when i had same issues
2023-07-15,17:01:34,thats great thanks for being attentive also check your level of empathy with your customers in all ways victory hand
2023-07-15,04:58:58,what interesting information you have given me you know 
2023-07-15,02:54:54,wow stori and mercado crdito have also been sending sms notifications via app and whatsapp for 10 days before
2023-07-16,15:27:21,thanks i already answered them
2023-07-17,23:51:26,very good i already requested it and they granted it to me i chose the ajolotito design smiling face with sunglasses
2023-07-18,18:15:18,gracias
2023-07-18,17:01:27,this web3 developers mev strategy is the real deal  earning him over 5 eth per week and taking his crypto earnings to new heights
2023-07-18,14:13:39,good morning thank you for your attention i called customer service and everything is fine it no longer appears like that thank you very much eyes
2023-07-18,05:07:34,good night in may i ordered a gift certificate from amazon with heycoins i was looking at the status of the order and it appears in processing is there an estimate of when these orders will be processed thank you so much
2023-07-19,23:03:01,hahahaha thats why they dont take me seriously but i will never stop using cheems for some videos hahaha todays video on the channel
2023-07-19,19:30:02,you can help me here i dont think there will be a problem
2023-07-19,16:56:45,lets hope they respond honestly i havent had any problems with them they make a good bank for me thank you very much
2023-07-19,03:18:39,the best bank is heybanco by a lot of difference nk
2023-07-21,18:19:03,yes i have different accounts and they have always supported me when something happens so far heybanco and bbva have been my best experiences
2023-07-21,18:17:46,i recommend heybanco
2023-07-21,04:46:51,thank you they already explained to me very friendly
2023-07-22,23:11:44,i have had a good experience with heybanco 1 cashback on physical purchases and 2 on online purchases the app is easy to use and allows you to invest at 10 annually renewing every 7 days i currently use it to cover my monthly expenses im happy with her
2023-07-22,11:32:23,in less than a month i managed to unlock these great benefits thank you for providing this tool to promote
2023-07-23,22:10:43,oh really wow thank you very much for the response in a few more minutes i will finish opening my account
2023-07-23,22:09:50,unlimited you can do as many as you want with the deadlines you like and the best returns at we offer the best digital platform that allows you financial freedom
2023-07-23,17:54:30,gracias ya les contestfolded handsfolded handsfolded hands
2023-07-24,23:22:43,ha thanks for the rec i loved the idea of having a digital bank thats pa of the multired consoium of atms but i guess it was not to be face with rolling eyes
2023-07-24,19:58:54,gracias
2023-07-27,00:01:54,you can start with guaranteed credit cards they are for people who have no history stori or heybanco would be the best receiving payroll also helps a lot with traditional banks c
2023-07-28,22:43:10,hoygan my tdc took place on 71723 and the payment deadline is next thursday the 3rd it is assumed that as long as you pay before that date there is no problem correct
2023-07-28,21:02:59,yap
2023-07-28,20:31:24,give me the customer service phone number
2023-07-29,18:04:22,take it on the kind side and for the next receipt its free heheheheh
2023-07-29,05:56:41,hahaha true yes
2023-07-30,18:08:07,thank you so much
2023-08-01,20:01:28,thanks for the follow up it was already resolved and it was not your problem
2023-08-01,17:48:12,excellent service by the way as a matter of fact for whatever reason i did not give my bank details because they are commonly used i have a heybanco digital account that i only use for this and my transfers have been arriving there attached evidence
2023-08-01,14:15:42,its already solved thank you very much
2023-08-01,04:41:41,i recommend x10000 heybanco
2023-08-02,16:57:52,thank you i already answered the message
2023-08-02,04:21:34,it would be great something like what they do in
2023-08-04,23:36:52,easy open a bank account in one of the new digital banks i recommend you because it is much more integrated into the banking system than others that are simply fintech
2023-08-04,00:38:53,i dont remember but i think it was fast
2023-08-05,23:09:34,hello good afternoon help me confirm what is the maximum amount to transfer from my account hey and how can i modify those limits please thank you
2023-08-05,04:58:31,thank you so much i had recommended to an acquaintance that they used to give loans and they no longer do so so i wanted to suggest that option to you how kind you are
2023-08-05,01:22:22,i think thats it it just arrived thank you very much
2023-08-06,23:28:23,haha the same thing happens with mercado pago and heybanco but i agree its wonderful
2023-08-07,22:14:52,if they solved it for me they have great customer service
2023-08-07,11:17:55,if it arrived within 24 hours i hope the transfer arrived safely
2023-08-08,16:00:40,i already did it yesterday i took out all the wool and id better stay with those ive been with for a while and i havent had problems with them i also recommend it is pulling me very well and my clients pay me for it greetings
2023-08-09,19:43:25,hello thank you very much i already explained the situation to you i appreciate a quick response
2023-08-09,15:05:31,i wrote to them there since yesterday and they didnt bother me
2023-08-10,00:03:09,today was my first day at heybanco sparklestulipsparkles back to office life butterfly thank you so much kiss mark
2023-08-12,18:47:40,i finally got a winning golden ticket starstruck i felt like charlie in the chocolate factory face with hand over mouth camera i only need 8200 heypoints for my xbox
2023-08-12,05:53:54,release notes message with typo in terjeta i liked the update they made to see the cards
2023-08-15,21:50:22,it happened to me at the same time in the end it reappears a while later
2023-08-18,18:05:07,gracias smiling face with smiling eyes folded hands
2023-08-18,17:18:46,i highly suggest you contact bensonhack50 on instagram to resolve any account related issues there fast and reliable you can still graph them on whatsapp backhand index pointing right light skin tonebackhand index pointing right light skin tone
2023-08-19,15:02:37,thank you very much i already responded to you by dm
2023-08-22,00:52:31,at comunidarks they recommended the rappicard and the heybanco i use heybanco more because of the rewards there is no annuity they also give you a dual card so you have credit and debit i use the rappicard for more specific things for example ticketmaster accepts it without problem
2023-08-23,17:41:15,my complaint has already been resolved favorably thank you
2023-08-25,19:20:41,what a great service they always bring they always solve things well 1010 smiling facesmiling face
2023-08-25,02:12:59,they resolved the unrecognized charge on my card they always say it could take several days but the process didnt take even a week ok hand medium skin tone
2023-08-28,21:22:10,thank you very much i have already filled out the data heybanco
2023-08-28,17:12:16,thank you very much for compairing red heart raising hands
2023-08-30,00:11:50,what complaint are you talking about face with rolling eyes no complaints with they work very well red heart
2023-08-31,04:02:55,at recompensa total banoe they arrive in less than 3 business days by email
2023-09-01,18:06:14,very happy and pleased for our clients since today they were able to open their new home inovafinancialservices cuauhtmocchihuahua credits heybanco
2023-09-01,16:25:34,perfect i was now able to access the app and since according to my device it is not compatible although it is one of the most recent from samsung i prefer to change banks rather than change my device hello greetings
2023-09-01,00:51:39,i have it its fine father
2023-09-04,19:50:21,applause for the melting face team
2023-09-05,23:52:00,i would like to know if i can now be a creditor for the traditional credit card because i have been using the guaranteed one for more than six months and my history has improved very significantly
2023-09-05,19:25:28,ha ha ha
2023-09-05,03:39:27,heybanco has implemented a very interesting chatbot called heygpt which resolves doubts about its products which surprised me quite a bit i think it is a great step forward to improve the customer service experience here i will tell you everything
2023-09-05,02:53:41,i use that bank and they always resolve me quickly and a thousand times faster than banamex haha
2023-09-10,21:18:12,heybank it turned out good for me
2023-09-12,22:40:28,gracias
2023-09-12,02:35:10,cool account good returns moneymouth face application working at a hundred points without commissions of any kind between this and i dont need anything from any other institution never change huh thats how klar started and then he didnt comply smiling facethumbs up light skin tone
2023-09-13,23:20:30,happy programmers day their work is essential for the functioning of todays society that is why we bring you some important information about this day and the professionman technologist light skin tone heybancomedia heybanco dadelprogramador programmers
2023-09-13,20:45:41,hello thank you very much i already answered you via dm
2023-09-13,20:32:13,solved thank you
2023-09-13,16:02:39,aid
2023-09-14,23:17:46,its just that they are venus hours they are still in time xd
2023-09-14,15:38:55,invest in a matter of minutes from your cell phone and get profits every week money bag learn how to grow your money with inv
2023-09-15,21:23:57,it helped me to update my android version to the most recent one with that it opens
2023-09-15,16:46:03,thanks that just worked for me
2023-09-16,23:38:12,i deleted the cache in the app settings and it worked
2023-09-16,23:23:44,yes it worked for me thank you so much
2023-09-16,20:21:53,go to app settings clear the cache and it works
2023-09-16,05:17:38,this worked for me
2023-09-16,04:56:18,thank you very much hey it was already resolved ok handok handok hand
2023-09-16,03:28:28,gracias  lo intentare beaming face with smiling eyes
2023-09-17,23:18:02,thank you restarting raising hands also worked for me
2023-09-17,15:24:56,ive already solved it thank you very much
2023-09-18,22:22:18,it worked thanks better than the official account
2023-09-18,18:10:10,thank you very much for the information it helped me to access the application you should publish the solution on your networks so that other users can solve it
2023-09-19,18:10:58,i confirm today september 19 that it works thank you very much
2023-09-19,17:56:50,the most beautiful and cool neighborhood in all of latin america is waiting for you discover its incredible facilities with jonnah moreno and enjoy its incredible beauty heybanco heymedia heydelocal guadalajara
2023-09-19,17:55:31,the perfect place to sit down and work while you drink a delicious coffee and then go for a secondhand gem of literature discover with jonnah moreno the secret places of the american colony heybanco heymedia heydelocal guadalajara
2023-09-19,17:52:22,between cafes unique architecture and beautiful apartments jonnah moreno shows us the most peaceful side of the american neighborhood which is considered the most beautiful in all of latin america heybanco heymedia heydelocal guadalajara
2023-09-19,16:43:55,thank you very much now for sending the v10392 update of the android app the application works again after 5 days of being dead for several of us thank you
2023-09-19,05:21:53,exactly in 10390 everything is normal
2023-09-20,22:28:33,ready thank you so much 
2023-09-20,20:42:03,the application was restored today thank you
2023-09-20,02:42:16,x3 at 12 no problem and one from 6 and nothing
2023-09-20,02:09:44,thanks for the response i was able to enable my app
2023-09-22,22:00:52,it has never failed me on the contrary it is one of the most stable
2023-09-23,17:15:22,thank you it should not be private information it is for you to improve greetings
2023-09-24,15:49:15,how can i request another card without losing my previous data thank you
2023-09-26,23:06:29,i am always recommending and i have been without a clown face card for 2 months will returning to banamex be the solution
2023-09-26,22:30:41,hello just to publicly thank you for the attention received at the time and mention that i already received all the products requested from your hey shop store thank you so much
2023-09-26,18:47:23,i already sent it
2023-09-27,19:00:56,muchas gracias los amo loudly crying faceheart hands medium skin tone
2023-09-28,00:50:29,it is incredible that at this point you have to go to activate your mobile netkey at a branch when you change your phone they have a lot to learn that without compromising your security they do it simple and fast from the same app
2023-09-30,05:35:34,i still think it is a great product
2023-10-02,19:50:21,gracias
2023-10-03,23:23:14,i also want face with peeking eye
2023-10-03,18:33:09,thank you i just wrote to you
2023-10-05,16:30:02,i have the one that is from azteca bank and if it is very good the one that is also great and i manage the one that is
2023-10-06,21:54:50,well jorge you are a very wellknown person in the honey industry and your reputation is worth it
2023-10-11,03:04:58,eyes wow how cool offers information about personal finances within the application starstruck we will have to give the podcast a chance
2023-10-12,05:36:25,win if you want to be part of this fever hey i can refer you thank you
2023-10-13,16:37:56,thank you i called again and it was quick
2023-10-13,04:04:23,face exhaling 5 stars to the sopoe of you know the dynamic duo smiling facesmiling face
2023-10-14,22:34:37,im waiting thank you
2023-10-14,11:56:33,congratulations to everyone who made this possible
2023-10-16,01:22:55,thank you so much
2023-10-17,18:13:26,i proceed thanks for the support
2023-10-18,12:23:13,i got help from fredhack88 on telegram it helped me recover my account and enable twofactor authentication on the account im really impressed it will also help you with your hacking problems
2023-10-19,07:14:39,thank you i already knew them i used them and today i leave them they are definitely not my thing but i do recommend them thumbs up banks f
2023-10-20,23:13:05,we are going to surprise you star for all our fans we want to give you more we are about to elevate your experience to a level
2023-10-21,03:46:33,we are going to surprise you star for all our fans we want to give you more we are about to elevate your experience to a level
2023-10-21,02:21:31,11 investment and with that
2023-10-22,03:12:45,we are going to surprise you star for all our fans we want to give you more we are about to elevate your experience to a level
2023-10-23,19:55:44,its going to get good with heybanco
2023-10-23,03:32:06,we are the same i was also surprised
2023-10-23,03:23:34,me too
2023-10-24,21:07:14,they should surprise us with a functional app every day you have to delete and install lasts a useful access
2023-10-24,19:44:21,ready sent
2023-10-24,08:53:57,we are going to surprise you star for all our fans we want to give you more we are about to elevate your experience to a level
2023-10-25,23:43:33,very good this time hey he was wrong he claimed to be different from normal banks and maybe even a pair
2023-10-25,23:19:19,you were good for a while now my card will go in the drawer see you never waving handheart hands
2023-10-25,22:15:53,it is a very good option
2023-10-25,21:43:42,well every story has an ending bye
2023-10-25,21:36:59,the silver card brings good cashback you should give it a review
2023-10-26,20:20:52,spa for hospitality well a little massage is always appreciated to endure the 3 days of the festival check out the benefits of each pass admission ticketslionfire tomorrow prevents exclusive by tecatepalnoe sparkling heart
2023-10-26,19:36:54,thank you send them another question
2023-10-26,18:51:17,ok ill keep an eye on it thanks
2023-10-27,20:52:45,thanks for my last rewards bye cowboy it was good while it lasted
2023-10-27,20:52:13,maana los compramos heart handsraising hands light skin toneraising hands light skin tone
2023-10-27,20:19:11,lion thanks the heybanco exclusive sale is completely sold out ticket index pointing at the viewer light skin tone the free early ticket sale for 2024 will take place tomorrow october 28 at 200 pm
2023-10-27,20:08:25,thank you thank you early sale white heart tqm
2023-10-27,19:47:04,starstartecate pal noe 2024starstar police car lightif you have hey banco take advantage today because there are good discounts on the early pass
2023-10-27,18:44:33,thank you very much for your confidence grinning facepalms up together we are happy that you are part of the klar family smiling face with heartsstarstruck we love youred heart
2023-10-27,18:10:40,it would be the most appropriate after what cost at least 6 months of testing like scotia did with its ideal card and then you decide
2023-10-28,20:57:12,thank you continue with these innovative proposals that will surely attract millions of customers and mark a before and after for banking in mexico surely the congratulations dont stop thats why they even blocked their social networks they are geniuses dont you get tired of winning so much
2023-10-28,18:56:45,you were good for a while now my card will go in the drawer see you never waving handheart hands
2023-10-28,18:50:44,i acquired the mega fan membership because it turned out that a benefit was an exclusive tecate sale
2023-10-28,18:50:27,the update has already dropped thank you
2023-10-28,18:44:10,the new memberships are great i found one that fits my needs and i already signed it i recommend that
2023-10-28,15:39:01,they already deposited me the truth is i am happy with their services i hope they reconsider and reevaluate their decisions
2023-10-28,14:40:52,its right
2023-10-28,13:35:53,this seems like the vip gas stations to me
2023-10-28,13:07:09,first of all welcome to ual thanks for the feedback it is very constructive several of these issues are resolved in the next updates moving to a 100 banking architecture has not been easy and that affects certain processes the best is coming thanks since now
2023-10-28,01:13:56,thank you i was able to communicate and i think my problem was solved thank you raising hands
2023-10-29,02:17:34,buena publicidad backhand index pointing down
2023-10-30,23:34:34,are you a student and have a brilliant idea light bulb the emprende hey challenge awaits you participate and earn up to 50000 for your
2023-10-30,21:59:22,muchas gracias smiling face with hearts
2023-10-30,21:49:32,right now im sending you an email and phone number for contact
2023-10-30,19:03:02,give thanks to
2023-10-30,16:28:53,i think checa has a lot of potential
2023-10-31,22:23:42,well done ill just catch up with you man shrugging medium skin tone
2023-10-31,21:13:51,thank you very much for your confidence grinning face palms up together we are happy that you are part of the klar family smiling face with hearts starstruck
2023-10-31,18:51:34,the truly interesting thing about heybanco is its investment tool and personally it would be the only thing i have the card for and would pay for the plan depending on the plan you pay for and if you leave the money for 7 or 28 days they can give you 9 10 11 or 12 annual interest
2023-10-31,18:05:15,all my savings are with you thank you
2023-10-31,18:01:11,thank you as always super attentive and effective in resolving doubts
2023-10-31,17:44:55,thanks for the response i already replied by dm greetings
2023-10-31,15:53:03,we are here to serve you
2023-10-31,14:25:33,are you a student and have a brilliant idea light bulb the emprende hey challenge awaits you participate and earn up to 50000 for your
2023-10-31,03:59:10,phew what a good idea right let him pay us in hey coins
2023-10-31,03:53:34,better than annuity monthly smirking face
2023-11-01,19:33:12,well deserved melting face
2023-11-01,02:16:06,i love competition advertising
2023-11-02,03:53:49,invex the accelerator is very convenient if you spend 10k or more per month this year i have had about 4000 on flights and many uber and starbies cards
2023-11-02,01:00:57,after watching this interview i think it is an excellent option
2023-11-02,00:57:59,this tweet is just to thank you for the speed with which you resolved some unacknowledged charges i urgently needed that money that was stolen from my card and you helped me in just 3 days good things should also be shared thank you hey bank
2023-11-02,00:50:37,i already reflected i think the memberships of
2023-11-02,00:14:08,in a few months what they achieved in years was gone congratulations
2023-11-02,00:08:41,this is the best idea for your clients
2023-11-03,19:42:24,the truth is they are very good against fraud or things like that the other banks are mega oblivious they have given me all the stoppages in my life
2023-11-03,19:14:00,i did see that they also come with a bonus bonus and the first year without annuity which is what gives me a kick and then the smiling face with tear pink card edition already seriously considering
2023-11-03,18:35:36,i love amex with all my being the truth is that i feel that no other treats you so well the annuity is expensive but it is worth it for the security they offer you
2023-11-03,18:12:46,thanks boyfriend greetings there
2023-11-04,05:06:01,thank you mandiii
2023-11-07,18:45:40,same i better return to banoe and heybanco only for risk purchases
2023-11-08,22:57:26,we are doing very well with heybanco thumbs up mediumdark skin tone
2023-11-08,17:43:43,very kind thank you very much
2023-11-08,16:06:38,ready i did it in the morning thanks
2023-11-08,13:58:57,great news 15 is great and without having to pay absurd memberships now you will have a lot to regret
2023-11-09,17:35:17,defindete black heart
2023-11-09,07:54:23,the return on investment fell while it rose everything perfectly balanced
2023-11-10,23:36:40,hey are you still a client of greetings
2023-11-10,21:16:19,recommended
2023-11-10,21:15:29,do it its an excellent option i have been with them for 3 years
2023-11-10,03:27:47,yes its revenge
2023-11-11,01:11:31,a lesson to those dogs that they want to charge for what you give for just being customers the only thing missing is cashback and they are going to be my favorite card again
2023-11-14,21:26:38,nice nerd move face hey reminds me of mantis from kungfu panda when he grabs the bridge strings face with tears of joy
2023-11-14,21:21:37,agree thumbs up medium skin tone until a chronicle i throw at you
2023-11-14,18:00:50,gracias thumbs up
2023-11-16,16:22:08,this is fast for
2023-11-17,13:44:00,we love having you with us smiling face with hearts
2023-11-18,23:34:22,thank you carnal
2023-11-21,21:20:08,i dont doubt it was you hahahahahahaha
2023-11-23,12:49:47,it offers me 3msi it would be good to see if its true hahaha
2023-11-25,17:23:29,benefits of a more competitive market
2023-11-25,16:40:17,blessed be the competition and welcome the cashback even if it is a percent as the song says
2023-11-25,15:49:20,eye here rewards return to starstruckstarstruckstarstruckstarstruck
2023-11-25,13:16:52,thank you you listened to us and that is why i will continue with you heart handsmiling face with open hands
2023-11-25,11:00:45,the best thing you could do friend
2023-11-25,04:47:53,tsss thats good
2023-11-25,04:44:46,you did well uncle smiling face
2023-11-26,18:53:13,i also recommend that he is mexican and is not bankrupt with dientesdeburrousurero
2023-11-26,16:58:44,thanks for the response i will be attentive greetings uncle
2023-11-27,23:58:29,thank you folded hands smiling face with hearteyesok handsoynumx nubank i hope it serves as a lesson to other platforms if they want our money as investors fyi dinnactinver heybanco uala uala mex mercadopagomex finsusapp
2023-11-27,09:38:19,incredible customer service i have always paid on time i am within the payment deadline and
2023-11-28,10:47:12,the best bank
2023-11-29,09:13:31,i joined in july 2019 and i have found it very useful for my online transactions i really recommend it
2023-11-30,10:15:52,hey bank i like it a lot iwal market payment apae is super practical and the money you have there is invested in gbm and generates a few extra pesos
2023-12-01,21:23:51,wrapped gift promotion for all our customers hey take advantage of seasonal purchases and receive cash rewards ready to
2023-12-01,16:26:31,i liked it because it repoed the credit bureau
2023-12-01,08:55:31,hey bank that the complete coreo has come to light i liked the indian ending what is the name of the work they perform
2023-12-02,20:22:15,i am always recommending and i have been without a clown face card for 2 months will returning to banamex be the solution
2023-12-02,11:30:48,terms and conditions please
2023-12-05,15:45:46,hahaha
2023-12-07,10:11:29,brief economics lesson learn not to pay and get paid to deposit in and at the same time fight against the gaza genocide
2023-12-07,09:35:45, new financial instruments arrive and offer you up to 13 percent additional money for each day you keep your money while charging you if you dont move it for more than six months that is why it is in
2023-12-09,16:38:30,i never thought i would stay with hey banco after all the blowjobs they are doing but it is literally the best option i have anyway damn hsbc tremendous fart for a purchase of 150 pesos
2023-12-09,16:12:02,correct without further ado
2023-12-14,18:55:33,a good promo appeared when taking out insurance for your cell phone
2023-12-14,11:19:37,the exchange of hey coins for amazon gift cards is now instant the codes arrive to you almost instantly
2023-12-14,10:13:06,excellent question what did they say bro
2023-12-14,10:10:39,the exchange of hey coins for amazon gift cards is now instant you receive the codes almost instantly do you remember what happened to me a few months ago smiling face with tears
2023-12-15,16:13:32,i confirm today that i changed my hey coins and in the confirmation email the code comes everything is cool and i even made my purchase thumbs up
2023-12-17,16:29:51,we love saluting face rewards
2023-12-17,12:08:17,please ask me to sponsor more maratondevir games
2023-12-18,10:31:35,i considered switching to heybanco by nu because of the performance rate and wow pleasantly surprised
2023-12-19,21:07:28,your specialized area very kindly gave me a solution r
2023-12-22,17:50:55,i recommend it to you immediate attention also a hug for you and happy holidays hugs for the whole family
2023-12-22,17:37:53,i understand with the baz one i transfer from the credit one to the azteca one it enters as a purchase and does not generate a commission i recommend it and very accessible
2023-12-22,15:58:18,excellent thanks for the information
2023-12-22,11:43:33,hello pepe good morning sofia helps you its a pleasure to greet you could you send us more details via dm about the situation you are experiencing with your bbva mxico application please 12
2023-12-27,09:01:38,demonstrating to win the heybanco dream once this is done i declare it i am abundance
2023-12-28,22:25:18,hello i have maintained a good history with you i have a question about what to do to have my tdc credit line increased
2023-12-30,09:31:05,thank you yesterday you answered me quickly by call and it was resolved
2024-01-01,14:05:36,new year new news what do you think of this heybanco adjustment annuity and hey pro forced raising hands seems like a better option to me
2024-01-01,09:25:46,reliable and real information must be transmitted it has been operating for some years
2024-01-02,17:51:09,i recommend hey banco it has nothing like that and you can withdraw at any hsbc or inbursa without commission
2024-01-04,22:01:23,today i went to the hey banco fanshop and i had a great time i also made a sparkles amix
2024-01-04,12:03:48,another option that i could personally recommend it also has good promotions and msi
2024-01-04,11:15:48,the best
2024-01-05,12:39:28,thanks i sent them a dm
2024-01-07,18:53:21,its better
2024-01-07,17:46:48,pure that better nu nu fonite foniteog
2024-01-08,11:16:15,me im going to work my sister hey then how do i validate my heybanco parents hey theres an issue with the apartment  hahahaha but hey i appreciate that there is someone there to help me solve it
2024-01-09,23:55:06,i have a pixel 5 genius
2024-01-09,00:42:33,yes everything is fine mr lampiraising hands light skin tone
2024-01-10,13:37:20,wow i already contacted them i even sent a video to the email that the person who answered me pointed out to me i updated my operating system and its still the same this only happens with the banks app hey i have apps from other banks and they work perfectly
2024-01-10,12:36:49,wrapped gift promotion for all our customers hey take advantage of seasonal purchases and receive cash rewards ready to
2024-01-11,15:20:48,gracias
2024-01-13,13:44:57,i called and they helped me thank you
2024-01-14,14:57:03,it has no limits hahaha free gpt4
2024-01-15,12:22:52,it was solved this weekend thanks
2024-01-16,18:32:25,thats it thank you very much
2024-01-17,22:32:37,heybanco and nu are much better for those who are looking to move
2024-01-17,21:08:35,in case you need them excellent alternatives to bancoaztecaenquiebra 1 heybanco  no commissions online contracting 23k points to withdraw 2 nubank  no commissions online contracting cash withdrawal in supermarkets
2024-01-17,19:54:36,excellent alternatives to 1 heybanco  no commissions online contracting 23k points to withdraw  2 nubank  no commissions online contracting cash withdrawal in supermarkets
2024-01-17,19:51:13,excellent alternatives to 1 heybanco  no commissions online contracting 23k points to withdraw  2 nubank  no commissions online contracting cash withdrawal in supermarkets
2024-01-17,19:43:52,excellent alternatives to banco azteca 1 heybanco  no commissions online contracting 23k points to withdraw  2 nubank  no commissions online contracting cash withdrawal in supermarkets
2024-01-18,12:58:15,we celebrate 6 years at hey banco party popper thank you for trusting us on this journey your support has been essential for our
2024-01-19,11:01:15,good morning i sent email just now thank you
2024-01-19,10:06:58,good morning with the wonderful surprise that my account woke up to zero clown face
2024-01-21,19:07:32,list
2024-01-21,18:42:05,strange i have made several transactions without problem
2024-01-21,09:09:53,the best option yield of 13
2024-01-21,17:58:03,hello i would also like to join please
2024-01-21,11:46:51,add the app it has never failed me its contracting process is agile because as soon as you open the account it evaluates you for the credit card immediate deposits and transfers
2024-01-22,17:18:41,they should give me money but thanks for a year of service
2024-01-22,16:00:41,thanks a lot promised to resolve the problem with a deadline of january 25 2024 if not i will immediately contact
2024-01-22,13:55:08,thank you so much
2024-01-22,12:57:27,i thank you very much for your attention i will contact you
2024-01-23,12:10:13,we are more than ready starstrucksmiling face with hearteyes anxious disconnect for 3 days at the acstico hey banco de tecatepalnoe electric plug
2024-01-25,21:11:05,works much better than clown faceclown face
2024-01-26,22:23:25,hahahaha i loved it
2024-01-26,17:41:58,ha ha ha
2024-01-29,18:17:18,hello good afternoon luz helps you its a pleasure to greet you we will be happy to support you please write to us at our official twitter account   to follow up on your request and share the corresponding information 1
2024-01-29,15:44:22,ready thanks
2024-01-30,15:12:47,hello it would be worth it if when you make changes you give a summary of the changes made to the contract and not send the full 60 sheets grimacing face charlytip improves customer experience
2024-02-01,14:25:36,i love the responses to the failures reported in your app face with rolling eyes
2024-02-01,00:51:32,you can request a debit card from the app also hey bank i have that one and they dont ask me for a minimum nor do they charge me for account management i opened that one because i had a problem with the payroll in banamex and i used it to save but now it i use it for almost everything heejej the physical tj cost me 109 i think
2024-02-02,11:11:22,and i take advantage of the tweet to recommend hey bank i lqm heart hands medium skin tone not a single complaint in two years
2024-02-06,11:34:36,interesting
2024-02-07,02:05:30,mejor aumenten lneas de crdito loudly crying faceloudly crying faceloudly crying faceloudly crying face
2024-02-08,20:20:59,hey no bank its unlimited hahahaha it sounds incredible
2024-02-08,19:16:00,every more grateful to belong to if they occupy a bank that solves this is the only good one thkss
2024-02-08,18:30:39,thats why i love it your app is simply amazing hundred points in addition to being super intuitive cashback on all your purchases
2024-02-08,05:52:22,aaawww how nice hey bank a lot of queue d
2024-02-09,13:05:02,gracias
2024-02-10,10:12:37,trae la de hey banco smiling face with hearteyesface holding back tears humilde mi chiquito
2024-02-11,11:40:38,for those wondering where to get the card you can get it at hey banco with many designs to choose from
2024-02-12,20:17:49,thats what ill start doing thank you
2024-02-12,16:43:13,hahaha fijat like i didnt tell you but anyway so far so good grinning face with smiling eyesrainbow
2024-02-12,16:11:52,look amixe finally i opened my account it arrived super fast in 2 days by dhl and well nothing i loved it starstruckstarstruckunicorn
2024-02-13,17:03:36,celebrate love in style this valentines day red heart discover the latest collections from your favorite brands here somoshey heymedia heybanco sanvalentn gifts
2024-02-13,16:16:21,commercials as winning as the kansas chiefs that the superbowl left us this year somoshey heymedia heybanco comerciales sblviii michaelcera jlo mainscorsese
2024-02-13,12:07:46,please give your support to know the modules they have in cdmx thank you
2024-02-19,12:04:17,its already fixed thank you
2024-02-20,09:38:29,tenencia a 6msi y los amo smiling face with hearts face with peeking eye
2024-02-21,15:10:57,i finally recovered my i love you account handshake light skin tone mediumdark skin tone
2024-02-22,10:15:48,hey hey hey bank ok handcheck mark this is perfect
2024-02-29,21:07:53,thanks for the information it was very useful to me
2024-03-01,23:39:44,i already have 11 months with the tdc guaranteed with good use when will they graduate me i remember that when i hired it it said 6 months of good use 
2024-03-01,19:35:31,nunca falla smiling face with sunglasses
2024-03-01,04:46:39,thank you very much im out of trouble thanks to and 
2024-03-02,14:24:38,thank you i already checked
2024-03-06,20:09:14,haha thanks clapping hands
2024-03-06,16:28:42,i recommend you
2024-03-08,02:06:50,perpetual saturday folded hands
2024-03-13,21:34:41,thanks for your attention
2024-03-13,20:40:01,thank you very much thats it 
2024-03-15,01:51:01,agree contigo a la versh backhand index pointing down medium skin tone
2024-03-16,16:45:25,i made a suggestion by email in the app that they provide facilities to modifyupdate information such as the cell phone number they told me to contact them by phone and lets see what they tell me there how easy is that to help they just dont get you out of trouble victory hand medium skin tone
2024-03-18,17:23:05,thanks for your attention
2024-03-18,17:13:48,hello good morning luz helps you its a pleasure to greet you your comments are very important to us so we are interested in knowing more about your experience can you give us more detail about the situation you present please 1
2024-03-19,18:48:19,thank you i spoke by phone and my concern was resolved
2024-03-22,21:40:28,i love you great experience going to the hey shop lxs tqm
2024-03-23,21:38:20,i was recommended charliehack50 on telegram he can help you solve this problem i got mine back with the help of him so i recommend him as the best and fastest option
2024-03-26,06:00:06,good day is there any promotion to msi for the payment of ownership of the  greetings
2024-03-27,20:47:08,i do recommend although i feel that it is difficult to get approved if you have never had one or if you have no history with banamex at least i have heard of cases like that my first tdc was from heybanco and i recommend at that time they gave 1 or 2 rewards on purchases with the card
2024-03-27,02:21:57,thank you for inviting us to learn more about the retro collection as well as the details and gifts my card is the anime card suitable for buying movie tickets for the new rascaldoesnotdream movie
2024-03-28,20:07:52,hello we will be happy to assist you in the best way we invite you to write us a dm and we will gladly help you with all the information you require we will be waiting for you
2024-03-28,18:00:54,thank you didi for the trust and increasing my line of credit to 20k ni y mean offering so much credit thank you i would only be missing the msi
2024-03-28,17:31:57,hello thanks i just sent email
2024-03-30,19:47:37,hello i sent you a dm 
2024-03-30,18:47:15,yesterday i won a hat and i actually kept my outfit hahahaha and i was happy the entire festival they pimped me out a lot purple heartsmiling faceface with hand over mouth
2024-03-31,23:19:35,unlike you they have demonstrated a true understanding of their clients needs thank you for making my projects come true raising hands mediumlight skin toneblue heart
2024-03-31,02:47:12,te amo un chingo smiling face with hearteyes
2024-04-04,08:41:17,akamba returns thanks to take advantage of the pre cael sale presented by hey banco enjoy this unique stage
2024-04-04,01:05:10,mine was resolved easily just enter online banking from a computer and it will tell you that you are blocked but you enter your cell phone token and thats it suee
2024-04-05,02:55:10,for me that is more than enough
2024-04-07,23:22:19,i was recommended charliehack50 on telegram he can help you solve this problem i got mine back with the help of him so i recommend him as the best and fastest option
2024-04-10,21:57:10,i also need help
2024-04-10,16:53:34,list
2024-04-10,16:05:30,thanks i solved it
2024-04-12,17:19:20,good morning ive been trying to pay my cards since the other weekend but i cant transfer to hey banco from my main account all transfers will be returned to me help
2024-04-15,23:44:20,and thats how he won the fintech race with an app that always works and is customerfriendly
2024-04-16,17:41:40,gracias
2024-04-17,04:45:42,gracias starstruck
2024-04-18,17:28:23,gracias
2024-04-18,15:59:11,i love them thank you i was now able to enter my app greetings grinning squinting face
2024-04-18,04:34:45,still wont let me increase my secured credit card line
2024-04-21,15:21:43,now i confirm thank you dear
2024-04-23,22:52:05,pensive face agree thank you so much
2024-04-23,21:30:12,man when are they going to graduate me i have the tdc guaranteed its been more than a year since i got it and i remember that they said that with 6 months of good use it helps c
2024-04-25,00:51:24,one question who do i have to see if i have problems increasing my line of credit on my guaranteed hey card the app does not leave me an error mark the same thing happens to me on my 2 phones that i have
2024-04-26,13:30:56,wow the best thing about it is that i can pay with apple pay starstruckpartying face
